{
  "mode": "TEST",
  "mre": 13.01335334777832,
  "std": 10.692968368530273,
  "sdr": {
    "2.0": 3.103448275862069,
    "2.5": 4.873563218390804,
    "3.0": 7.057471264367816,
    "4.0": 10.965517241379311
  },
  "per_landmark_mre": [
    10.563586235046387,
    14.676366806030273,
    10.11357593536377,
    7.269266605377197,
    11.941069602966309,
    14.402488708496094,
    8.085604667663574,
    14.890788078308105,
    8.5244722366333,
    20.83608055114746,
    12.33769702911377,
    16.552555084228516,
    17.53734588623047,
    6.608394622802734,
    23.409351348876953,
    15.4586181640625,
    15.720148086547852,
    11.531902313232422,
    14.661890983581543,
    16.59803581237793,
    14.47298812866211,
    9.722710609436035,
    16.48944664001465,
    12.549294471740723,
    10.535578727722168,
    9.000106811523438,
    11.737370491027832,
    11.57982063293457,
    9.580687522888184
  ]
}